amount,type_encoded,location_encoded,time_encoded,channel_encoded,balance_before,balance_after,is_weekend,client_age_group,is_fraud
4854664,1,4,10,0,2063883,6918547,0,0,0
55856267,0,2,19,0,5657947,-50198320,0,2,1
32068291,0,1,5,1,69358761,37290470,0,2,0
15899452,0,0,15,0,21420793,5521341,0,0,0
3531477,1,0,19,0,50207869,53739346,0,0,1
49109351,0,0,11,1,35709220,-13400131,0,0,0
7996647,1,0,2,0,51689443,59686090,0,1,0
41417169,1,1,12,0,42585980,84003149,1,0,0
7853893,0,2,16,0,48183974,40330081,0,2,0
43265399,1,4,0,1,21390785,64656184,0,2,1
20783088,0,3,5,1,11666612,-9116476,0,2,0
3206262,1,4,11,0,77109304,80315566,1,0,0
37698493,0,4,19,0,37691483,-7010,1,2,1
7018913,0,0,4,0,80984465,73965552,0,2,0
9676880,1,1,17,1,49507548,59184428,0,1,1
32277414,1,1,12,0,2977108,35254522,1,2,0
15669949,0,4,19,1,5834073,-9835876,1,2,1
56604127,0,3,11,0,39931248,-16672879,1,2,1
34873480,1,3,2,0,27922807,62796287,0,0,0
49932428,0,4,11,0,6555880,-43376548,1,1,0
19104301,1,1,17,1,54004644,73108945,1,0,1
12168312,0,5,8,1,11891593,-276719,1,1,0
28051638,1,4,14,1,1376886,29428524,1,1,1
31925591,0,5,16,1,72368446,40442855,0,1,0
12982303,1,3,8,1,4169741,17152044,1,2,1
6224435,0,2,9,0,83106775,76882340,1,2,0
15668789,0,4,11,1,18734658,3065869,0,1,0
13746395,0,4,11,0,62531583,48785188,1,2,0
23787131,0,2,14,0,25523081,1735950,1,0,0
55181259,0,2,17,1,67912631,12731372,0,0,1
35437565,1,4,12,1,86655460,122093025,0,0,1
48251619,1,4,22,1,72579716,120831335,1,0,1
37520112,1,5,7,1,11757976,49278088,0,2,1
32714068,1,5,5,0,69406146,102120214,0,0,1
52201167,1,1,8,1,7175999,59377166,1,0,1
51330553,1,4,23,0,12166934,63497487,0,1,1
39412878,0,5,8,1,32973591,-6439287,0,0,0
12150564,1,4,15,0,42600364,54750928,1,1,0
54589638,1,5,18,0,32491819,87081457,1,2,1
10769213,0,4,6,1,25202133,14432920,0,2,0
51420610,1,3,19,0,52188149,103608759,1,2,1
7585104,1,2,5,1,83613472,91198576,0,0,1
10778769,0,4,9,1,14718442,3939673,0,0,0
59884896,1,3,21,1,11102460,70987356,0,1,1
23379508,0,4,17,1,37542710,14163202,1,2,0
56997635,1,0,19,1,72710599,129708234,0,1,1
23065262,1,2,14,0,70037897,93103159,0,1,1
20044418,0,2,21,1,66964478,46920060,1,2,1
56823799,0,5,15,0,14632176,-42191623,1,0,1
34364014,0,0,9,1,56613424,22249410,0,1,0
21970865,0,4,23,0,68199571,46228706,1,1,1
42126972,0,4,23,0,73256257,31129285,0,0,1
27931942,0,4,2,0,69789973,41858031,1,1,0
5038654,0,5,6,0,18208175,13169521,1,2,0
2748304,0,5,19,1,45714853,42966549,1,0,1
41367127,0,3,16,1,16850255,-24516872,0,1,0
25855740,1,4,8,1,66610620,92466360,0,0,1
7661826,1,3,22,1,88922321,96584147,1,1,1
23133735,1,0,20,1,75365273,98499008,0,0,1
49043851,1,2,11,1,46556975,95600826,1,0,1
58347496,0,5,16,1,57622904,-724592,1,2,1
41197722,0,0,8,0,89441498,48243776,1,2,0
20247439,0,1,8,0,96725290,76477851,1,1,0
42841370,1,4,10,1,47021711,89863081,0,0,1
10574927,1,3,22,1,46250817,56825744,1,0,1
13026037,1,4,3,1,50926663,63952700,0,0,1
53055573,0,1,7,1,69505108,16449535,1,1,1
42216499,0,1,21,1,78690417,36473918,1,1,1
47454943,1,5,17,0,53640859,101095802,1,2,0
22349312,1,4,15,0,91985760,114335072,0,0,0
58535609,0,5,1,1,34952443,-23583166,1,0,1
31175894,1,3,15,0,83548060,114723954,0,2,0
19847115,1,5,11,0,73170497,93017612,0,1,0
36516062,0,2,4,1,41104100,4588038,1,1,0
55697738,1,4,0,0,87455688,143153426,1,2,0
50168709,1,3,5,1,66094821,116263530,1,0,1
57265289,1,2,14,1,19308722,76574011,1,0,1
53065118,1,4,22,0,31548922,84614040,0,0,1
3045798,1,0,7,1,86547515,89593313,0,2,1
20204511,0,4,18,1,8885459,-11319052,1,2,1
9823990,0,2,3,1,26207268,16383278,1,1,0
32424004,0,2,12,1,49536396,17112392,0,2,0
36669291,0,2,1,1,15161009,-21508282,0,0,0
18725065,1,1,8,0,99880018,118605083,1,0,0
7080377,1,4,0,0,78052898,85133275,1,2,0
38220976,1,2,17,1,54337806,92558782,0,2,1
21262301,1,0,19,1,64518322,85780623,1,0,1
48783039,1,0,10,1,17718990,66502029,0,1,1
8153451,0,0,20,1,27587829,19434378,1,1,1
47991393,1,3,18,0,73251296,121242689,0,0,1
40496016,0,1,5,0,28674222,-11821794,0,1,0
2875010,0,5,13,0,88997782,86122772,0,1,0
23663054,1,2,9,0,85702769,109365823,1,0,1
31268540,1,2,12,1,79467267,110735807,1,2,1
12945665,0,1,15,1,98009851,85064186,0,0,0
45970676,1,1,3,0,67715670,113686346,0,1,0
29315551,1,5,18,0,66879877,96195428,0,1,1
54572615,0,3,14,0,8034600,-46538015,0,1,1
45823998,1,5,2,0,84883166,130707164,0,1,0
47333931,1,3,14,1,19068072,66402003,1,2,1
6339513,0,1,22,0,18389103,12049590,0,0,1
49986146,0,1,21,1,64389875,14403729,1,0,1
46324424,0,2,0,0,1719487,-44604937,0,1,0
3203105,1,1,15,0,87450004,90653109,0,1,0
50565817,0,3,4,0,59351834,8786017,1,1,1
8194760,1,2,3,0,56830124,65024884,0,0,0
24627378,1,5,6,1,70157808,94785186,0,0,1
15211967,1,3,17,1,34854312,50066279,0,2,1
42868976,1,1,9,1,43883918,86752894,0,1,1
47444030,1,1,5,1,81514898,128958928,1,1,1
25415920,1,4,8,1,67101204,92517124,1,0,1
16841984,0,4,18,0,17965726,1123742,0,0,1
52133901,1,5,4,0,11190329,63324230,1,0,0
55884452,1,0,12,0,29094714,84979166,1,1,0
42090341,0,1,21,0,57407799,15317458,0,1,1
36023294,1,3,17,1,25112910,61136204,1,0,1
18319847,0,2,14,0,14152539,-4167308,1,2,0
41054644,1,5,0,1,48412791,89467435,1,2,1
49827068,0,0,9,0,74809369,24982301,0,1,0
29879550,1,4,11,0,86097152,115976702,0,2,0
15871731,0,0,11,1,39981150,24109419,0,2,0
8993850,1,3,4,1,8190812,17184662,0,2,1
36429210,1,0,3,0,12331286,48760496,1,2,0
58911601,0,0,22,1,48662254,-10249347,1,1,1
49445312,0,3,14,1,99817761,50372449,0,2,0
28784902,1,4,16,0,18307208,47092110,0,1,0
13769334,1,1,8,0,19807291,33576625,0,0,0
50015194,1,3,13,0,92864835,142880029,0,2,0
51912859,1,3,4,1,29592252,81505111,1,2,1
34172785,0,3,13,1,39457937,5285152,0,0,0
35855314,1,1,5,0,51091816,86947130,0,2,0
12512849,0,0,13,1,28567752,16054903,1,2,0
19523343,0,2,18,0,92339897,72816554,0,1,1
7452966,1,1,11,0,62341156,69794122,0,2,0
13202292,0,2,1,0,3469889,-9732403,1,0,0
25910376,0,5,13,1,63447996,37537620,0,0,0
3212858,1,4,11,1,98109663,101322521,1,2,1
55895978,0,2,12,0,59043318,3147340,1,2,1
6455776,0,0,23,1,87306122,80850346,0,2,1
30738966,1,2,6,0,50537070,81276036,1,1,0
50472593,1,4,17,0,33106302,83578895,0,0,0
49578509,0,0,21,0,88318024,38739515,1,2,1
6674740,0,5,3,1,34354810,27680070,0,0,0
22978654,0,3,11,1,7908130,-15070524,0,2,0
2595971,1,5,4,0,53551649,56147620,0,2,1
156200,1,3,21,0,42311753,42467953,0,1,1
1201157,0,2,12,1,11869563,10668406,1,1,0
41992623,0,3,9,1,55798697,13806074,0,1,0
31420187,0,4,16,1,2616902,-28803285,0,2,0
29424076,1,4,2,0,88167750,117591826,0,2,0
38574115,1,1,9,0,58313269,96887384,1,2,0
48628978,0,3,22,1,6107030,-42521948,0,1,1
12374263,1,0,11,0,90137454,102511717,0,2,0
39968089,0,3,4,1,46502617,6534528,0,2,0
47411408,0,1,17,0,5655639,-41755769,0,0,0
53782632,1,2,12,0,96352331,150134963,0,0,0
42228145,1,4,0,0,82095759,124323904,0,2,0
33345266,1,1,13,0,57633228,90978494,0,1,0
23978193,0,3,22,1,35610008,11631815,1,1,1
25356125,0,1,19,1,69480398,44124273,1,1,1
13000105,1,1,2,0,72785039,85785144,1,0,0
20597026,0,4,17,0,84233664,63636638,1,1,0
21394740,0,0,12,0,62298966,40904226,1,0,1
2117080,0,3,9,0,1438180,-678900,0,0,0
33358300,0,1,19,0,57879250,24520950,0,0,1
16475124,0,3,7,1,10450996,-6024128,0,2,0
11891472,0,4,20,1,17132487,5241015,0,1,1
23885370,0,3,12,1,40795999,16910629,0,0,0
12808905,0,2,19,0,39287079,26478174,0,1,1
39416544,1,2,12,0,24157782,63574326,0,0,0
30938194,0,5,12,0,21869957,-9068237,1,0,0
21457752,1,3,11,1,12796253,34254005,0,2,1
24744686,1,5,16,1,97615536,122360222,1,2,1
24136525,1,2,12,1,39739492,63876017,1,1,1
52584405,1,2,15,0,77511262,130095667,1,2,0
54436817,0,0,19,1,1994233,-52442584,0,2,1
3799754,1,0,21,0,72808924,76608678,0,1,1
10740985,0,3,4,1,28073955,17332970,0,2,0
1834932,0,2,19,0,47124891,45289959,0,1,1
6456049,0,1,21,1,12047093,5591044,1,2,1
41306171,1,2,12,1,12003865,53310036,0,0,1
43340060,0,3,9,1,54145669,10805609,1,2,0
14883333,0,1,3,0,34956483,20073150,1,1,0
42883896,0,4,4,0,59490973,16607077,0,0,0
37993063,1,3,9,1,63453131,101446194,1,0,1
36557550,0,3,22,0,42784484,6226934,0,0,1
59784839,0,3,9,1,86837601,27052762,0,1,1
3981774,1,5,11,1,97698342,101680116,1,0,1
38431503,0,4,16,1,33337428,-5094075,0,2,0
44406139,0,5,19,1,5567859,-38838280,1,2,1
6457710,0,4,3,0,1711622,-4746088,1,0,0
16527914,0,2,22,1,11549372,-4978542,0,2,1
54332209,0,3,3,0,97209765,42877556,0,2,1
56042389,1,5,5,1,11507921,67550310,0,1,1
31034129,1,4,11,0,92168083,123202212,1,0,0
47335351,0,4,1,1,71660876,24325525,1,2,0
18877281,0,3,11,1,44763318,25886037,0,1,0
40146599,1,1,16,0,67583567,107730166,0,1,0
13541671,1,1,6,0,39903666,53445337,1,0,0
21728964,1,1,12,0,90665518,112394482,1,1,0
16292620,1,2,21,1,71079441,87372061,1,2,1
1421067,0,5,11,0,3895895,2474828,1,1,0
5057888,1,2,9,1,81933875,86991763,0,1,1
10850320,1,2,3,1,73832749,84683069,1,1,1
23384914,1,4,16,1,74987017,98371931,0,0,1
59638334,1,2,17,1,94411834,154050168,1,1,1
16799503,1,3,21,0,44799410,61598913,1,2,1
30982326,0,1,3,1,86352629,55370303,0,2,0
38887907,0,2,10,1,36405730,-2482177,0,2,0
43003233,0,2,19,1,57174084,14170851,1,0,1
15643113,1,4,3,0,55287227,70930340,0,2,0
35069925,1,3,15,0,1924279,36994204,0,2,0
18986043,0,5,1,0,70170225,51184182,1,1,0
20704655,1,3,4,1,70981121,91685776,0,1,1
20960674,0,4,3,1,69697233,48736559,0,2,0
12496943,0,0,12,0,20665829,8168886,1,2,0
48156272,1,5,16,1,46613996,94770268,0,2,1
4298795,0,1,19,0,10069659,5770864,1,2,1
41076462,1,0,5,1,11058776,52135238,1,2,1
28174432,0,0,5,1,75667840,47493408,1,1,0
43389552,1,3,19,1,24546624,67936176,1,2,1
18171901,0,5,23,0,1120728,-17051173,0,0,1
55283780,1,2,8,0,11631882,66915662,1,2,0
12702992,1,1,18,1,11365387,24068379,0,0,1
52660804,1,4,16,0,72073442,124734246,1,0,0
32634392,0,0,1,0,71387723,38753331,1,1,0
20475751,0,4,9,1,31332152,10856401,0,2,0
35961483,1,1,13,1,9036154,44997637,0,2,1
59798071,0,1,16,0,85669510,25871439,1,2,1
25177966,1,1,23,0,85100915,110278881,1,0,1
51199860,0,3,2,0,23031678,-28168182,1,0,1
7307090,1,2,9,1,974000,8281090,0,0,1
49102579,0,0,15,1,63306458,14203879,0,0,0
52385502,0,0,17,0,86883973,34498471,1,0,1
52771645,1,1,17,0,56358247,109129892,1,1,0
56527680,0,4,7,1,6261741,-50265939,0,2,1
51286423,0,3,21,1,44259951,-7026472,0,0,1
14154882,0,4,19,1,10909401,-3245481,1,1,1
19500160,0,1,6,1,54130838,34630678,0,2,0
50778154,0,0,18,1,73951664,23173510,0,1,1
33962897,0,4,18,0,31722994,-2239903,0,2,1
48429567,1,5,6,0,83651257,132080824,0,0,0
15150847,1,3,7,1,3775379,18926226,0,1,1
4207156,1,4,7,1,79438141,83645297,1,1,1
49132164,1,5,21,0,43952233,93084397,0,2,1
56530334,1,3,17,0,33819923,90350257,1,1,0
48199759,0,0,13,1,31376097,-16823662,0,1,0
1680815,0,4,10,0,71563960,69883145,1,1,0
41771638,0,5,15,0,1874519,-39897119,1,2,0
29859649,0,0,0,0,70358630,40498981,0,2,0
6614670,0,1,21,1,29044892,22430222,1,2,1
57853093,1,1,14,1,28423101,86276194,1,0,1
30469031,0,4,15,0,3143738,-27325293,1,1,0
43483894,1,5,18,1,44224993,87708887,1,0,1
19838279,1,5,10,0,1398662,21236941,0,2,0
15883579,0,0,13,0,64113611,48230032,1,0,0
15078284,1,1,0,1,37669368,52747652,1,2,1
43960273,0,0,9,1,29938182,-14022091,0,2,0
8690054,1,1,21,1,53844107,62534161,0,1,1
42205173,1,3,0,1,18313489,60518662,0,0,1
21102811,1,4,19,1,83962185,105064996,0,1,1
20526130,0,5,19,0,91051303,70525173,0,1,1
43775113,1,5,14,1,68148592,111923705,1,0,1
53689253,0,0,16,0,175847,-53513406,0,1,1
13268193,0,1,15,0,96118218,82850025,0,2,0
29405902,1,3,4,0,52179765,81585667,0,2,0
4691613,1,5,1,1,53075315,57766928,1,0,1
16773088,1,1,15,1,74779305,91552393,0,2,1
33554043,0,4,23,0,158263,-33395780,0,2,1
35865115,0,1,13,0,21925418,-13939697,1,1,0
48267533,1,0,9,0,59013577,107281110,0,1,1
2489752,1,2,12,1,37442734,39932486,0,0,0
59211058,0,4,11,0,34932758,-24278300,1,2,1
17302940,1,2,3,1,46007943,63310883,0,2,1
27909212,0,1,4,1,39226373,11317161,1,1,0
44421441,1,2,20,0,23431010,67852451,1,1,1
29706718,1,1,20,1,20004387,49711105,0,2,1
32181120,0,4,21,0,11114197,-21066923,1,2,1
19825729,0,4,8,1,79229053,59403324,1,2,0
6957562,0,2,20,1,78020769,71063207,1,2,1
40101056,0,5,20,1,15961990,-24139066,0,1,1
8307371,1,3,0,0,44003123,52310494,0,2,0
59144676,0,4,18,0,88506134,29361458,0,2,1
52722144,0,0,0,1,54175603,1453459,0,2,1
1411580,1,0,8,0,70888562,72300142,0,1,0
11296230,0,1,17,0,70204823,58908593,0,2,0
31025585,1,3,4,0,45453144,76478729,0,0,0
51671536,0,5,2,0,20599605,-31071931,0,1,1
22171424,0,3,12,1,64856581,42685157,0,0,0
48867234,0,1,13,1,39412743,-9454491,0,2,0
24024953,1,4,0,1,24627303,48652256,1,2,1
52586244,0,0,20,1,46605507,-5980737,0,0,1
58016693,1,0,20,1,25571945,83588638,1,1,1
38244283,1,3,0,1,11890412,50134695,1,1,1
47318649,1,1,12,1,80303693,127622342,1,1,1
34788547,0,2,20,1,27609422,-7179125,0,0,1
26799840,0,4,17,0,10271503,-16528337,0,2,0
9719844,0,3,4,0,15234795,5514951,0,0,0
19765793,1,1,1,0,3584700,23350493,1,2,0
11716557,0,2,15,1,60965473,49248916,1,1,0
52643970,1,5,15,0,31368054,84012024,1,2,0
17526887,1,2,12,1,46872126,64399013,1,2,1
46049040,1,2,13,0,70375644,116424684,1,0,0
21546628,1,5,4,1,20489470,42036098,1,1,1
40577480,0,0,15,0,31176676,-9400804,0,2,0
10584486,0,4,3,1,26768812,16184326,1,1,0
39780960,1,0,12,1,30095157,69876117,0,2,1
20879297,0,1,8,1,64157037,43277740,0,2,0
9813658,1,3,4,0,95060008,104873666,0,2,0
46821781,0,5,8,1,52785530,5963749,1,2,0
28844478,0,5,15,0,4269369,-24575109,1,1,0
57377614,1,0,21,0,12800894,70178508,0,1,1
8515603,1,4,6,1,35717626,44233229,1,0,1
6554009,0,0,2,1,90898363,84344354,1,0,0
28664476,0,3,8,0,15384594,-13279882,1,0,0
47277671,1,5,15,0,28319224,75596895,1,1,0
26516023,1,5,0,0,78843803,105359826,1,2,0
33733210,1,5,21,1,50052865,83786075,0,1,1
56698958,0,2,11,1,70721823,14022865,0,0,1
8373898,0,3,7,0,79440573,71066675,1,1,0
11353847,0,2,17,1,90584084,79230237,0,1,1
20670350,0,4,4,0,75672767,55002417,1,0,0
20273804,0,4,16,0,81987111,61713307,0,1,0
18149840,0,4,16,0,73573764,55423924,1,2,0
24585498,1,4,11,1,35142989,59728487,0,2,1
52682075,0,2,15,0,77627548,24945473,1,2,1
40267439,1,2,6,0,52191646,92459085,0,0,0
8374859,1,0,11,0,74774795,83149654,0,1,0
13644322,1,5,15,0,63207529,76851851,0,1,0
1206230,1,4,1,0,16315077,17521307,1,2,0
51814268,1,4,21,0,45598870,97413138,1,2,1
56738911,0,4,19,1,61214287,4475376,0,2,1
15369768,0,1,20,0,87220097,71850329,1,1,1
39942372,0,2,15,1,92516638,52574266,1,0,0
38124063,0,5,1,1,37833817,-290246,1,0,0
53780315,1,1,10,1,11192827,64973142,0,0,1
11500847,1,3,10,1,19506286,31007133,0,1,1
48938508,0,4,21,0,97036920,48098412,1,0,1
35213397,0,2,1,0,52358426,17145029,0,1,0
17837803,0,2,13,0,72595977,54758174,1,0,0
5738256,0,1,6,0,45587220,39848964,1,0,0
26212068,0,3,22,1,43858370,17646302,0,2,1
48981605,0,4,13,0,76501405,27519800,0,2,0
11746785,1,3,22,0,3072985,14819770,1,1,1
5516556,0,1,3,0,58028626,52512070,1,0,0
33965380,1,0,20,0,50383302,84348682,0,1,1
43314404,1,0,5,0,68664382,111978786,0,0,0
15065824,1,5,16,0,76298818,91364642,0,0,0
7516612,0,3,16,0,75052249,67535637,0,0,0
6057698,0,4,16,0,74058899,68001201,0,0,0
46219682,0,0,4,1,64636119,18416437,1,1,0
57953150,0,3,12,1,93678960,35725810,1,2,1
53768909,1,2,6,1,4959497,58728406,0,2,1
9651903,0,2,15,1,49090800,39438897,0,2,0
27927142,0,4,5,0,95236184,67309042,1,0,0
6159176,0,2,22,0,7686307,1527131,1,2,1
47482691,0,4,19,0,25119805,-22362886,1,2,1
56160470,1,3,16,0,42886398,99046868,0,1,0
957685,1,3,13,0,80445798,81403483,0,2,0
2394005,1,4,23,0,53046958,55440963,0,1,1
35066442,0,4,9,1,90938928,55872486,0,0,0
55955597,1,1,8,0,65623492,121579089,0,1,0
15142409,1,4,23,1,32574421,47716830,0,1,1
34806957,1,1,11,0,16871533,51678490,1,2,0
29196741,1,4,4,0,74827618,104024359,1,2,0
13346528,1,5,10,1,33075155,46421683,0,2,1
9724757,0,5,23,1,9043107,-681650,0,0,1
1948899,1,4,10,1,11657120,13606019,0,0,0
33852404,0,0,5,1,46963029,13110625,0,1,0
20918401,1,1,0,0,56797586,77715987,0,1,0
18595215,1,5,13,0,81328534,99923749,0,2,0
44370295,1,3,13,0,58743813,103114108,1,2,0
1002419,1,3,17,1,1271210,2273629,0,2,0
42022207,0,2,4,0,83162917,41140710,1,1,0
48873334,0,2,1,1,17688435,-31184899,0,1,0
13225610,0,2,2,0,60150079,46924469,0,1,0
48135477,1,3,8,1,98945972,147081449,0,2,1
24178885,1,0,19,1,37673197,61852082,1,0,1
18347996,0,4,3,0,59429285,41081289,1,2,0
4221507,1,3,2,1,26422228,30643735,1,0,1
56505117,0,1,17,0,67925196,11420079,0,1,1
46807815,1,1,4,0,84712409,131520224,1,2,1
34101234,0,2,11,0,4958293,-29142941,0,1,0
33187345,0,1,20,0,12521331,-20666014,1,0,1
21072169,0,2,13,0,5713781,-15358388,0,2,0
20849311,0,1,16,0,34129155,13279844,0,2,0
24432773,1,2,5,0,3022289,27455062,1,0,0
21990916,1,2,12,1,98982891,120973807,0,2,1
43482534,1,4,0,0,83732732,127215266,0,2,1
42250337,0,2,14,1,15859504,-26390833,0,0,0
53243723,0,1,16,1,27985386,-25258337,1,2,1
28224339,0,5,6,0,9224345,-18999994,0,1,0
14549627,0,3,0,1,60762475,46212848,0,0,0
37494111,1,4,23,0,79566105,117060216,0,2,1
34500066,1,4,18,0,71245586,105745652,0,1,1
5317026,1,5,4,0,49084238,54401264,0,1,0
16741632,0,1,14,0,7754775,-8986857,0,0,0
17271572,1,3,19,1,16783279,34054851,1,1,1
41086484,1,4,3,1,5816010,46902494,1,0,1
28591521,1,1,6,0,58933868,87525389,1,1,0
30946484,1,3,8,1,92608872,123555356,1,0,1
13666603,0,5,18,1,1315339,-12351264,1,1,1
55498734,1,3,22,1,61160892,116659626,1,2,1
23127537,0,5,11,0,60704382,37576845,0,0,1
39353712,0,1,21,0,40261765,908053,1,1,1
19940796,0,2,4,0,3545040,-16395756,1,1,0
26618491,0,3,17,1,18451115,-8167376,0,1,0
22923453,0,0,3,0,62258244,39334791,0,0,0
35600367,0,2,18,0,71331141,35730774,1,1,1
15623692,0,0,22,0,56169373,40545681,1,0,1
32705444,1,1,10,0,11798473,44503917,1,2,0
29555249,0,1,19,1,99600755,70045506,1,1,1
11230043,1,1,22,1,97332112,108562155,1,0,1
20454951,0,3,23,0,85193411,64738460,1,0,1
30251059,0,0,13,1,28757282,-1493777,1,2,0
19615602,0,5,20,0,28439322,8823720,0,1,1
2724058,1,1,12,0,38367918,41091976,1,1,0
46690062,0,3,0,1,60104843,13414781,0,2,0
28895571,0,3,4,0,67365332,38469761,1,1,0
46311740,0,0,18,1,7748870,-38562870,1,0,1
28900930,1,5,4,1,98416744,127317674,0,1,1
59602699,1,2,14,1,41303284,100905983,1,1,1
58473452,1,2,12,0,25171758,83645210,1,2,0
5655423,1,0,0,0,18582943,24238366,1,1,0
8926060,0,0,17,1,3258950,-5667110,1,2,0
13066346,1,5,6,0,58695833,71762179,0,2,0
46849702,1,2,5,0,93213396,140063098,1,1,0
53135084,1,0,5,1,55175925,108311009,0,0,1
10024453,0,1,8,1,10234985,210532,1,2,0
30676678,0,0,18,0,4480177,-26196501,0,1,1
23818835,1,3,19,0,10593855,34412690,0,2,1
3627969,1,5,15,1,82403982,86031951,1,2,1
1709873,0,3,18,0,91459778,89749905,0,0,1
609046,1,0,11,1,31711536,32320582,0,1,0
54272237,1,2,11,0,64135062,118407299,0,0,0
37594035,1,3,18,1,85330960,122924995,1,1,1
14544712,0,2,5,0,79766341,65221629,1,0,0
34873563,0,0,4,1,73654938,38781375,0,2,0
31257692,1,3,16,1,2690572,33948264,1,0,1
52907304,1,0,10,0,28654113,81561417,1,2,0
51268779,1,2,5,0,76339578,127608357,0,2,0
41284062,1,4,11,1,21257501,62541563,0,0,1
27089264,0,2,19,1,73337727,46248463,0,2,1
19266699,1,0,7,0,72495734,91762433,1,0,0
31296829,0,2,12,1,82945017,51648188,0,1,0
13682318,0,3,2,0,96178172,82495854,1,0,0
33379329,0,4,23,0,47259036,13879707,0,2,1
23697464,0,4,9,0,35013049,11315585,1,0,0
21236677,1,3,18,1,52617996,73854673,1,0,1
391970,0,2,13,1,87116404,86724434,0,2,0
55840610,1,4,10,0,15891727,71732337,0,2,0
54442614,1,2,9,0,84909388,139352002,1,1,0
46699224,0,0,5,1,87370640,40671416,1,0,0
11875110,1,1,6,1,34662149,46537259,0,0,1
48586370,0,3,7,0,68866874,20280504,1,2,0
23712407,1,0,10,0,98046846,121759253,0,1,0
4603473,1,2,19,0,90015060,94618533,1,1,1
47399930,1,3,10,1,30034415,77434345,0,1,1
40202822,1,3,22,0,90718784,130921606,1,2,1
16094380,1,2,22,0,82174267,98268647,0,2,1
32843437,1,1,15,1,57138316,89981753,0,0,1
25399090,1,3,11,0,69550113,94949203,0,0,1
25029523,1,5,10,1,47084862,72114385,0,0,1
25207041,1,5,12,1,59588753,84795794,1,0,1
59182553,0,5,13,1,42658098,-16524455,1,0,1
18006295,0,5,20,0,64576563,46570268,1,0,1
26330044,1,1,6,1,15668512,41998556,0,2,1
23761770,1,2,11,0,89094016,112855786,0,0,0
7094665,1,1,17,1,4095735,11190400,1,1,1
40992637,1,3,0,0,32291227,73283864,1,1,0
29419585,1,1,8,0,79923883,109343468,1,0,0
37629678,0,2,7,1,41255753,3626075,0,1,0
58307281,1,3,6,1,97347339,155654620,1,0,1
30673871,0,0,9,1,66483148,35809277,0,2,0
43180593,1,1,2,1,59442262,102622855,0,1,1
31695816,1,3,4,0,62822181,94517997,1,1,0
23463469,0,4,21,1,37320531,13857062,1,2,1
39976616,0,5,16,0,60022342,20045726,1,2,0
52256111,0,0,20,0,67930404,15674293,1,0,1
2346246,0,3,7,0,46359929,44013683,0,2,0
40836508,1,4,22,1,63586330,104422838,1,0,1
17544366,0,1,8,1,92248835,74704469,0,0,0
33894425,1,0,14,0,45554168,79448593,0,0,0
25562562,0,5,7,0,36221856,10659294,1,0,0
53861776,0,0,10,0,54380592,518816,0,0,1
49323464,1,3,16,1,77007750,126331214,1,0,1
8343788,0,4,17,1,36777992,28434204,0,0,0
44748264,0,5,22,0,84006385,39258121,0,0,1
10528141,0,3,14,1,11548528,1020387,1,2,0
23372490,1,1,2,0,81358182,104730672,0,2,0
37985128,0,5,20,1,61827834,23842706,1,0,1
1672398,0,5,0,0,71007899,69335501,0,1,0
20338592,0,0,22,1,55822029,35483437,0,1,1
11885432,1,4,12,1,18818864,30704296,0,1,1
55337358,0,1,22,1,40662141,-14675217,1,1,1
47346612,1,1,9,1,29017229,76363841,1,1,1
26954456,0,4,0,0,35444856,8490400,0,2,0
8916515,0,0,12,0,5201620,-3714895,1,1,0
388366,0,4,17,1,1755044,1366678,1,2,0
58675818,0,2,7,0,82916577,24240759,0,2,1
25353396,0,3,18,0,350546,-25002850,0,0,1
45429470,0,0,23,0,6566939,-38862531,0,1,1
49736202,1,5,0,1,50654365,100390567,1,1,1
20228051,1,4,2,0,8589398,28817449,1,2,0
10409155,1,1,0,1,63308363,73717518,0,1,1
28745629,1,0,8,0,46099618,74845247,0,2,0
4256348,1,5,10,0,96310391,100566739,0,1,0
51013783,0,0,14,0,22207454,-28806329,1,1,1
16048473,1,2,16,0,4394821,20443294,1,2,0
33125050,1,2,5,0,8323018,41448068,1,0,0
4242392,0,0,23,1,47993528,43751136,0,1,1
44254247,1,1,1,0,67832669,112086916,1,0,0
12614834,1,2,9,1,77535939,90150773,0,2,1
58785299,0,0,13,0,97026491,38241192,1,2,1
40933630,1,4,3,1,55970802,96904432,1,1,1
799320,0,5,9,0,24732949,23933629,1,0,0
49898920,1,4,18,1,62604199,112503119,0,1,1
51451829,0,4,0,0,64104858,12653029,0,0,1
43823436,1,2,11,0,49957374,93780810,0,0,0
22258984,0,4,1,1,34293810,12034826,0,1,0
2929310,1,2,1,0,49259202,52188512,1,1,0
2515017,1,3,22,1,4052073,6567090,1,2,1
4514861,1,4,19,1,73441060,77955921,0,0,1
23593745,0,0,18,1,68670139,45076394,0,2,1
27269315,0,2,22,0,36425633,9156318,1,0,1
29507723,1,4,3,0,98400751,127908474,1,1,0
17528463,1,2,15,1,29088203,46616666,0,2,1
31066778,1,4,22,1,64789659,95856437,0,2,1
23922515,1,4,14,0,86027784,109950299,0,0,0
58227437,1,3,15,0,92414707,150642144,1,2,0
13625175,1,1,20,1,44038813,57663988,1,1,1
58546650,1,3,12,1,76398855,134945505,1,0,1
45658856,1,2,5,1,71134228,116793084,0,1,1
22415712,1,3,15,0,10693407,33109119,1,1,0
55561025,0,4,5,0,10690456,-44870569,1,2,1
53229989,0,2,14,0,34935116,-18294873,1,0,1
58496081,0,0,1,0,60656022,2159941,1,1,1
50710288,1,3,0,0,27623734,78334022,0,1,0
58070489,1,1,23,0,92468693,150539182,1,0,1
27424989,0,3,16,1,95986286,68561297,0,2,0
46950962,1,1,5,0,50793175,97744137,1,1,0
15519144,0,2,15,0,66950892,51431748,1,0,0
52697763,0,1,8,1,43714623,-8983140,1,1,1
34400968,0,0,23,0,19145951,-15255017,0,1,1
33384426,0,1,5,1,16649542,-16734884,0,0,0
44754481,0,5,1,1,35278818,-9475663,1,1,0
38278503,0,1,3,0,97700165,59421662,1,1,0
37210406,0,0,18,1,90645558,53435152,1,0,1
38311069,1,1,18,0,16605664,54916733,1,1,1
24646824,1,0,21,0,58174467,82821291,0,2,1
15061215,0,5,10,0,33859876,18798661,0,2,0
6108635,0,5,15,1,67689560,61580925,1,1,0
18432159,0,0,4,0,30685244,12253085,0,1,0
46318096,1,3,20,0,11856751,58174847,1,2,1
418462,0,3,18,1,7953929,7535467,0,0,1
4156953,1,2,16,1,12831493,16988446,0,2,1
44808154,0,0,16,1,3575804,-41232350,0,2,0
25651554,0,2,4,1,75516923,49865369,0,0,0
27183704,1,4,11,0,34563432,61747136,1,2,0
31802370,0,1,6,1,74514552,42712182,0,1,0
28877820,1,3,20,0,46359911,75237731,0,0,1
31082346,1,1,4,0,88415128,119497474,1,0,0
58253188,0,5,10,0,3167357,-55085831,0,0,1
35249419,0,4,3,0,36553718,1304299,0,2,0
53106745,1,2,23,1,69006755,122113500,1,1,1
15087395,1,1,7,0,70143357,85230752,0,2,0
27139301,0,2,4,0,15093735,-12045566,0,1,0
46478470,0,0,11,1,2807154,-43671316,1,2,0
44916485,0,5,19,1,74874023,29957538,0,1,1
52267353,0,3,20,0,61452119,9184766,1,0,1
48717464,0,4,6,0,22617021,-26100443,1,1,0
39967475,1,3,4,0,43322109,83289584,0,0,0
41850215,1,5,13,0,25399984,67250199,1,0,0
17424908,0,1,22,1,85487179,68062271,0,1,1
57782854,0,5,17,1,37732754,-20050100,1,1,1
59567462,0,4,19,0,21726299,-37841163,0,1,1
33249343,0,2,12,1,44869511,11620168,1,1,0
35305020,1,1,16,1,35725156,71030176,0,0,1
11907885,0,5,23,1,39526811,27618926,1,1,1
46710429,1,0,20,0,77237374,123947803,1,2,1
40321459,0,5,4,0,20222618,-20098841,1,1,0
33389734,0,2,19,1,83823445,50433711,1,0,1
25452907,1,4,10,1,95309342,120762249,1,1,1
1320961,1,5,17,0,70348081,71669042,0,1,0
25221023,0,5,16,1,61935108,36714085,0,1,0
849741,1,2,4,1,61962574,62812315,0,2,0
30406422,0,1,6,1,84261060,53854638,1,1,0
25852569,0,0,4,0,45933332,20080763,0,0,0
55757627,1,1,12,1,62746202,118503829,0,2,1
24084282,0,3,19,0,60185487,36101205,1,1,1
54306025,0,3,19,1,70056424,15750399,1,1,1
27397893,1,1,3,1,73028392,100426285,1,1,1
22929311,1,0,1,0,90816689,113746000,0,1,0
48633730,1,2,3,1,32976685,81610415,1,1,1
40981237,0,5,23,1,2603852,-38377385,0,2,1
10880558,1,4,2,0,96106581,106987139,0,1,0
28018795,1,3,4,1,80520862,108539657,0,2,1
11848439,0,0,10,0,63454914,51606475,1,2,1
12606208,0,5,17,1,52575424,39969216,1,2,0
6899476,0,2,8,1,81981296,75081820,1,1,0
15108385,0,3,20,1,85441337,70332952,0,0,1
20746860,1,3,3,0,56652340,77399200,0,1,0
41158313,1,3,1,1,97109224,138267537,0,2,1
44630344,0,3,2,1,66960960,22330616,1,1,0
22617064,1,5,9,0,36337375,58954439,1,0,0
30009525,1,5,3,1,89978359,119987884,1,2,1
47432051,1,4,7,1,23983415,71415466,0,0,1
9742823,1,1,5,0,69801854,79544677,0,0,0
33733166,1,5,5,1,77152872,110886038,0,0,1
29876489,1,3,1,0,66091981,95968470,0,0,0
31242983,0,1,3,1,93138755,61895772,1,2,0
49436296,1,5,8,1,91109567,140545863,1,1,1
2275941,1,3,0,1,48081229,50357170,0,2,0
50137334,0,0,11,1,99649481,49512147,1,1,1
872975,1,3,20,0,48405076,49278051,1,0,1
16331473,0,1,19,0,94938228,78606755,0,1,1
47227325,1,3,21,0,62407499,109634824,1,0,1
31840124,1,4,20,1,90343427,122183551,0,2,1
56786509,1,5,8,0,59576778,116363287,1,1,0
54931007,0,1,9,0,40967550,-13963457,1,1,1
27227955,1,0,7,0,69548728,96776683,1,1,0
33965062,0,2,4,0,83348384,49383322,0,0,0
47721211,1,5,8,0,81956259,129677470,1,2,0
55796472,0,5,13,1,59195046,3398574,1,1,1
42960831,0,5,11,1,25150690,-17810141,1,0,0
46154245,0,1,20,1,91339335,45185090,0,2,1
38155553,1,3,1,1,89040662,127196215,0,1,1
45423926,0,3,0,1,28066364,-17357562,0,2,0
1898949,0,0,23,0,56895842,54996893,1,1,1
18727638,1,2,21,1,177637,18905275,0,0,1
23494064,0,3,23,0,22247944,-1246120,1,2,1
16244879,1,0,14,0,35432793,51677672,0,1,0
41595169,0,2,2,0,34275741,-7319428,0,0,0
58364925,1,5,4,0,76630594,134995519,1,2,0
23123574,1,4,5,0,57880094,81003668,1,1,0
49421011,0,1,17,1,29487034,-19933977,1,2,0
53005992,1,2,17,0,56748760,109754752,0,1,0
43786244,0,1,17,0,7282610,-36503634,0,1,0
40682658,0,2,14,0,19299293,-21383365,1,0,0
47738600,1,5,11,0,89678449,137417049,1,0,0
29004895,1,1,15,0,19048410,48053305,0,1,0
14701562,0,1,17,1,30620561,15918999,1,0,0
13783276,0,4,9,0,81245863,67462587,1,2,0
29391105,1,1,2,0,26971403,56362508,1,1,0
27545067,1,1,12,0,29740657,57285724,0,2,0
27621234,1,3,8,0,40941691,68562925,0,0,1
27747592,1,5,4,1,52317376,80064968,1,0,1
16478606,0,1,11,0,61344503,44865897,0,0,0
16503714,0,3,8,1,73991513,57487799,1,0,0
33441687,1,2,22,0,57491542,90933229,1,1,1
24733998,1,5,3,0,21335448,46069446,0,1,0
33585387,1,1,21,0,34853277,68438664,0,2,1
15131740,1,5,2,0,66410305,81542045,0,0,0
9412168,1,0,23,1,61091424,70503592,0,0,1
8886397,0,2,1,0,3640942,-5245455,0,0,0
3505122,0,0,11,0,18621713,15116591,0,2,0
31071145,1,3,13,0,80142613,111213758,1,1,0
57198490,0,1,4,0,69097084,11898594,0,2,1
667965,0,2,0,1,89543139,88875174,0,1,0
48880516,0,0,15,0,96420999,47540483,1,2,0
59600620,1,4,20,0,8613723,68214343,0,2,1
36492836,1,2,22,0,49858287,86351123,1,1,1
37512369,1,4,11,1,36980790,74493159,1,1,1
29633054,0,3,11,0,47634965,18001911,0,2,0
45178240,1,2,3,0,28800579,73978819,1,1,0
17524365,1,4,14,0,11313566,28837931,0,1,0
1105018,0,1,16,1,74475460,73370442,0,2,0
45118816,0,0,21,1,27791679,-17327137,1,1,1
4084398,0,0,19,1,537699,-3546699,0,1,1
59168701,0,3,23,1,2484544,-56684157,1,0,1
35903049,1,3,10,1,50322297,86225346,0,0,1
11390002,1,2,7,0,99651873,111041875,1,0,0
43459418,1,3,8,0,58177810,101637228,0,2,0
11454826,0,3,17,1,61732507,50277681,1,1,0
58153424,1,4,20,0,36675450,94828874,0,1,1
27967669,0,5,20,0,75736640,47768971,1,1,1
8710631,0,5,16,0,47813656,39103025,0,0,0
42581322,1,5,0,0,29233379,71814701,0,0,0
37187012,1,4,22,1,98674648,135861660,0,2,1
39983419,1,1,21,1,21155182,61138601,0,0,1
20626823,1,2,10,1,91329267,111956090,1,1,1
15593806,0,4,15,1,19003417,3409611,0,1,0
15573652,0,3,16,1,622219,-14951433,1,0,0
57513081,0,4,3,1,42210624,-15302457,0,0,1
23200642,0,2,15,0,33953004,10752362,1,2,1
19646720,1,1,11,0,42956206,62602926,0,0,0
48351237,0,5,1,0,53717761,5366524,1,1,0
42963121,0,5,4,1,20831502,-22131619,1,2,0
35383779,0,2,15,0,89694298,54310519,1,2,0
13474458,1,1,21,0,49912085,63386543,1,2,1
1790547,1,2,22,1,97696552,99487099,0,0,1
43136372,1,1,18,0,60657209,103793581,1,2,1
58195936,1,0,18,0,46392107,104588043,0,1,1
6743292,0,0,3,1,77609387,70866095,1,1,0
55692802,0,2,1,1,89953888,34261086,0,1,1
6690590,1,2,3,0,31053774,37744364,0,1,0
39886952,1,5,22,0,41941097,81828049,0,1,1
59822964,0,1,18,1,90958899,31135935,0,0,1
19700283,1,5,7,0,11426285,31126568,0,2,0
55208674,1,3,21,1,13644189,68852863,1,0,1
21520261,0,1,19,1,32661969,11141708,1,1,1
52453763,0,1,11,1,45123413,-7330350,1,1,1
39249017,0,4,20,1,17551871,-21697146,0,2,1
36736891,1,2,1,0,28607966,65344857,1,0,0
24982906,1,1,1,1,38876303,63859209,0,1,1
48507626,1,4,15,0,72325348,120832974,0,1,0
23990717,0,2,4,1,83191677,59200960,1,0,0
6067596,0,4,22,0,19034972,12967376,1,0,1
30770292,0,0,14,0,47587664,16817372,1,0,0
30761797,0,5,1,0,40217198,9455401,1,1,0
52572875,0,3,9,1,90703660,38130785,0,0,1
32581202,1,3,17,1,16913263,49494465,0,0,1
41009005,0,4,13,0,98690122,57681117,0,0,0
13731883,1,0,7,0,2563741,16295624,0,1,0
51710786,0,5,8,1,74458872,22748086,0,2,1
24415149,1,4,7,0,40473037,64888186,1,1,0
21995294,1,4,23,0,72772356,94767650,1,0,1
12957940,1,3,22,0,88366999,101324939,0,0,1
55109178,0,2,12,0,38853773,-16255405,1,1,1
8178230,0,4,10,0,12350915,4172685,0,2,0
50179663,0,0,22,1,93364939,43185276,0,0,1
19065318,1,1,6,1,7881580,26946898,0,0,1
16971399,1,0,8,1,78597642,95569041,0,2,1
54702778,1,1,17,1,16463292,71166070,1,2,1
44702085,0,3,11,0,20612759,-24089326,0,1,0
56544621,0,5,3,0,30920217,-25624404,0,2,1
34153945,0,3,6,0,7043839,-27110106,0,0,0
20785408,0,3,14,1,53974326,33188918,0,1,0
4815650,0,5,11,1,56736710,51921060,0,0,0
36649270,0,2,20,0,85376344,48727074,0,1,1
55701403,1,2,10,1,68411254,124112657,0,2,1
512034,1,0,9,1,19490377,20002411,0,1,0
2307443,1,2,17,0,10583304,12890747,0,1,0
20572177,1,1,23,0,89353002,109925179,0,1,1
49954269,1,2,12,1,1824255,51778524,0,1,1
54631108,1,2,16,1,34425888,89056996,0,1,1
11710718,1,3,17,0,72297540,84008258,1,0,0
31055789,0,4,17,1,46721145,15665356,1,2,0
32456897,1,2,15,0,175454,32632351,0,2,0
27738573,0,0,11,1,67111108,39372535,1,0,0
32886988,0,4,7,0,60495353,27608365,0,1,0
34600590,1,2,6,0,60203418,94804008,0,2,0
36787473,0,5,10,1,65446730,28659257,0,2,0
4840749,1,4,23,1,64165022,69005771,0,0,1
4997320,0,1,11,0,42607815,37610495,1,1,0
8355621,0,4,12,0,73296130,64940509,0,0,0
15324634,1,1,14,0,811608,16136242,1,0,0
55037014,1,4,6,1,95056099,150093113,1,2,1
37642432,1,0,22,1,82565955,120208387,0,0,1
27674962,1,4,4,1,81347929,109022891,1,2,1
20140024,1,5,9,0,22147171,42287195,0,1,0
48431345,1,5,4,1,70927702,119359047,0,1,1
45681527,1,3,12,0,61795754,107477281,0,1,0
38488842,1,2,2,0,84084953,122573795,1,2,1
2643691,1,1,1,0,16454413,19098104,0,1,0
17394233,1,2,12,0,16749354,34143587,0,2,0
36867068,0,4,4,0,56753925,19886857,0,1,0
29055877,0,1,8,1,21528407,-7527470,1,1,0
30626372,1,1,3,1,41376933,72003305,0,2,1
42266869,1,5,22,1,34965624,77232493,1,1,1
18396166,0,2,7,0,22901002,4504836,0,0,0
381228,0,1,11,1,22451704,22070476,0,0,0
19642049,1,0,11,1,46618214,66260263,0,1,1
4845609,0,0,9,1,62522244,57676635,1,0,0
1108093,0,3,8,1,96995554,95887461,0,2,0
33192979,1,1,9,1,94304952,127497931,0,2,1
41468879,0,3,13,1,10198217,-31270662,0,2,0
56297298,0,3,21,0,91979804,35682506,0,1,1
31757805,0,5,2,1,3195017,-28562788,0,1,0
21601850,1,3,14,0,21631683,43233533,0,1,0
50335354,0,5,12,1,62572394,12237040,1,0,1
10670081,0,2,3,1,37480565,26810484,0,0,0
29307079,0,4,18,0,26528743,-2778336,0,0,1
46846674,0,5,22,0,23649380,-23197294,0,1,1
43688233,1,3,0,0,1819520,45507753,1,1,0
50295873,0,5,16,1,61435170,11139297,0,1,1
36191979,1,2,23,1,46086928,82278907,0,0,1
32035134,1,2,10,1,92588819,124623953,0,2,1
22364993,1,4,22,1,92469665,114834658,1,2,1
59526089,0,2,2,1,83038815,23512726,0,0,1
50867610,0,3,9,0,44695567,-6172043,0,0,1
24848816,1,2,19,1,96566090,121414906,1,2,1
11930115,0,5,16,1,83769972,71839857,0,1,0
6250285,0,0,0,0,12148172,5897887,1,0,0
11314340,0,0,6,1,96860521,85546181,0,1,0
40233357,1,2,9,1,86142492,126375849,1,0,1
25078917,1,0,23,0,29948133,55027050,1,2,1
57627678,1,3,23,0,94775477,152403155,1,0,1
42629880,0,1,11,0,13927536,-28702344,0,0,0
44118409,1,2,21,1,26716965,70835374,0,2,1
10896343,1,5,8,0,47268162,58164505,1,0,0
18578924,1,5,12,1,23026549,41605473,0,2,1
29500581,0,2,23,1,35517331,6016750,0,0,1
47286742,1,4,13,0,21792293,69079035,0,0,0
10182391,1,2,17,1,72622586,82804977,0,0,1
23951071,1,4,15,0,17507052,41458123,1,2,0
47641312,0,0,2,1,46057943,-1583369,1,0,0
30188657,0,5,12,0,93085225,62896568,1,1,0
46137967,1,3,13,1,51643606,97781573,1,2,1
6272207,0,4,16,0,34371749,28099542,0,1,0
35968630,1,3,6,0,11601100,47569730,1,1,0
30697433,1,1,1,0,13858938,44556371,1,0,0
17412422,0,5,8,1,92188866,74776444,1,0,0
5737717,1,1,21,1,90693369,96431086,1,0,1
43137917,1,2,19,1,53574389,96712306,0,0,1
35206256,0,3,16,1,81377186,46170930,1,1,0
8282586,0,0,23,0,24118125,15835539,0,1,1
47157356,0,1,16,0,23714063,-23443293,0,2,0
21611637,0,0,1,1,37869874,16258237,0,0,1
19005885,0,4,9,0,6498625,-12507260,1,0,0
19277723,1,2,16,1,65373026,84650749,0,0,1
51842097,0,4,20,0,88844325,37002228,0,1,1
1046838,0,2,7,1,79672357,78625519,1,1,0
21165858,1,1,18,0,87455893,108621751,0,2,1
17463560,0,2,3,0,3547897,-13915663,1,0,0
3407705,1,3,9,0,51805561,55213266,1,1,0
44888159,0,4,8,0,43630117,-1258042,0,1,0
47275403,0,5,7,0,69068755,21793352,1,0,0
7925498,1,2,13,0,39239705,47165203,1,2,0
34829241,0,2,10,1,20299382,-14529859,0,2,0
35370806,0,3,20,1,79544688,44173882,0,0,1
48809628,0,4,23,0,45084844,-3724784,1,1,1
28480634,1,2,13,1,15498732,43979366,1,0,1
53534866,1,3,7,1,64245514,117780380,0,2,1
7087637,0,2,11,1,61295213,54207576,0,0,0
41537979,1,3,10,1,79289850,120827829,0,1,1
27390583,1,1,14,1,15512706,42903289,1,2,1
3921452,1,5,12,1,92157890,96079342,1,1,1
48061711,0,4,19,0,97012793,48951082,1,0,1
31699896,0,5,11,0,81797670,50097774,1,2,0
21962580,0,4,13,0,87548597,65586017,0,0,0
39368013,0,0,3,1,75106132,35738119,0,2,1
39511689,0,4,7,0,68512162,29000473,0,0,0
57561785,1,3,4,1,54474780,112036565,0,2,1
48278007,0,5,3,1,55021771,6743764,1,1,0
39222826,0,1,6,1,46255383,7032557,1,1,0
9083821,0,0,9,0,26921274,17837453,0,0,0
15080914,1,0,10,0,33640597,48721511,0,2,0
50617956,0,2,14,0,76130744,25512788,0,2,1
47479575,1,2,19,1,86395522,133875097,1,2,1
6947969,0,3,10,1,68355643,61407674,1,1,0
17130723,1,3,7,1,55652099,72782822,0,1,1
52428170,1,5,4,0,52679805,105107975,0,0,0
15208652,1,2,0,1,25009748,40218400,1,1,1
37986491,1,2,13,1,42472048,80458539,0,2,1
5402719,0,3,6,0,93237499,87834780,0,0,0
14399988,0,0,16,1,73332820,58932832,0,2,0
23661319,0,0,15,1,12405452,-11255867,1,0,0
44745724,1,1,12,0,86608759,131354483,1,1,0
3804860,1,1,9,0,82251500,86056360,1,1,0
1168678,1,1,23,0,92388386,93557064,0,2,1
15943055,1,0,23,0,44272270,60215325,1,1,1
47554680,1,1,9,0,19018364,66573044,1,0,0
34308512,0,3,15,0,77588130,43279618,0,0,0
33383770,0,4,10,1,54414119,21030349,1,0,0
36006773,1,5,4,1,78498161,114504934,0,1,1
14391125,1,5,8,1,60652155,75043280,0,0,1
56464488,0,4,3,0,69805927,13341439,1,2,1
58456152,1,3,16,1,973681,59429833,1,0,1
50842724,1,3,10,0,14226399,65069123,1,1,0
8158139,1,0,11,1,51177039,59335178,0,2,1
30757875,1,5,21,1,24767890,55525765,1,0,1
40952894,0,1,4,0,6165272,-34787622,1,2,0
52901287,0,3,8,0,19659121,-33242166,1,2,1
34937827,1,1,21,1,23808474,58746301,1,2,1
39273461,1,4,23,1,2201920,41475381,1,0,1
41722323,0,3,21,1,68730822,27008499,1,2,1
46146208,1,0,10,0,86540340,132686548,0,2,0
26383180,1,1,23,0,28651113,55034293,0,1,1
36309954,1,2,9,1,78963210,115273164,0,0,1
23316043,0,2,6,0,52751007,29434964,1,1,0
32217111,1,5,5,0,26594235,58811346,0,0,0
46840977,1,4,22,0,15813424,62654401,1,1,1
10512197,1,1,16,1,26028544,36540741,1,0,1
35772307,0,0,0,1,32053916,-3718391,0,2,0
13453591,1,1,4,0,25342146,38795737,1,0,0
47841079,1,3,19,0,37635960,85477039,1,2,1
2738551,1,1,1,0,54946007,57684558,1,0,0
28319383,1,0,8,1,82626958,110946341,1,0,1
53327225,0,0,23,1,48413375,-4913850,0,2,1
1027214,1,3,1,0,61998740,63025954,0,2,0
36513981,0,5,13,0,50833493,14319512,0,0,0
26141384,0,1,0,1,48111659,21970275,1,2,0
21203336,1,1,5,0,27066233,48269569,0,0,0
37982790,1,4,21,0,37410681,75393471,0,2,1
4653565,0,4,19,0,96756434,92102869,0,0,1
18520575,0,1,16,0,19544273,1023698,0,0,0
27789619,0,1,17,0,56213189,28423570,1,1,0
58823088,0,3,10,0,73765629,14942541,0,0,1
37632217,0,4,13,1,47373137,9740920,0,0,0
57756097,0,5,13,1,42631293,-15124804,1,1,1
41340356,0,0,12,0,88430088,47089732,0,2,1
19613079,1,0,18,1,61042611,80655690,0,1,1
28944909,1,4,7,0,53142902,82087811,1,1,0
17886827,1,4,8,1,77768556,95655383,1,0,1
58386467,0,0,20,0,72332413,13945946,1,0,1
36541087,0,2,15,1,26343684,-10197403,1,0,0
21307012,0,4,9,1,94593020,73286008,1,2,0
712432,0,5,2,1,3948044,3235612,1,0,0
365254,0,0,14,1,75138486,74773232,1,0,0
7135247,0,0,17,0,96692300,89557053,1,1,0
14568205,0,1,21,0,7527893,-7040312,1,0,1
10754672,1,1,17,0,72396939,83151611,1,2,0
46929919,1,2,10,1,82825401,129755320,1,0,1
1918826,0,4,17,1,28126666,26207840,1,2,1
37961846,0,1,13,0,54816342,16854496,1,1,0
47817996,1,3,15,1,2978194,50796190,1,2,1
35865056,0,0,17,0,4285557,-31579499,1,0,0
7535929,1,4,13,0,68442422,75978351,0,0,0
5765726,1,5,8,0,89547855,95313581,1,1,0
39731327,0,3,5,0,5505216,-34226111,1,0,0
49395529,0,5,1,0,60602998,11207469,0,1,0
53917447,0,0,21,0,77806130,23888683,0,1,1
1086527,1,5,13,1,52523098,53609625,1,1,0
7881440,1,2,16,1,61771636,69653076,1,2,1
43437888,0,5,7,1,59978824,16540936,0,2,0
15378870,1,0,7,0,25793950,41172820,1,2,0
56587925,1,1,1,1,86621652,143209577,0,0,1
27654954,1,5,9,0,81417708,109072662,0,0,0
23248147,0,3,8,1,48900705,25652558,1,1,0
56414425,0,1,20,1,27452362,-28962063,1,2,1
54985082,0,4,21,1,39286450,-15698632,1,1,1
33120007,1,0,18,1,4871223,37991230,0,0,1
22870634,0,2,16,1,82017424,59146790,0,1,0
27972943,0,1,21,0,86396074,58423131,1,1,1
57389274,0,5,17,0,50362560,-7026714,0,2,1
21333699,0,0,5,0,24171256,2837557,0,0,0
35909817,1,0,16,1,86432590,122342407,1,0,1
36681071,0,3,23,1,99406366,62725295,0,2,1
34552938,0,1,23,0,74580343,40027405,1,2,1
55121682,1,5,2,1,44639552,99761234,0,2,1
22511188,0,3,7,1,67097712,44586524,1,0,0
55992859,0,3,12,0,34189271,-21803588,1,0,1
38262537,0,2,1,1,6043148,-32219389,1,2,0
14633375,0,4,15,1,38107635,23474260,0,2,0
48239224,0,4,6,0,9180338,-39058886,1,1,0
57527898,0,2,14,0,21589269,-35938629,1,1,1
6114622,0,3,4,0,72323346,66208724,1,0,0
6410070,1,4,12,0,16202868,22612938,1,0,0
15361443,0,4,0,0,68145195,52783752,1,1,0
7986136,1,3,19,1,53609818,61595954,0,2,1
9280117,0,3,4,1,59149667,49869550,1,1,0
18267485,1,5,3,1,56545257,74812742,1,0,1
46759323,0,0,13,0,26680068,-20079255,0,0,0
47370614,0,4,17,0,15375428,-31995186,0,2,0
16102893,0,2,21,1,37265254,21162361,1,0,1
22409261,0,4,23,0,87564457,65155196,1,2,1
21154508,0,1,16,1,22992485,1837977,0,2,0
46611973,0,5,18,0,70408126,23796153,0,2,1
49706979,1,2,9,0,76475383,126182362,0,1,0
20541410,0,1,11,1,65400888,44859478,1,1,0
844949,1,0,15,0,56270275,57115224,1,1,0
20464105,1,4,20,0,72998082,93462187,1,1,1
14806927,0,4,7,0,49269403,34462476,0,1,0
57630881,1,2,5,1,50897603,108528484,1,0,1
19346824,1,2,5,1,936368,20283192,1,0,1
35074872,0,4,15,0,4926131,-30148741,0,0,1
17644209,1,4,5,0,25006352,42650561,0,1,0
23343457,1,4,4,1,87010525,110353982,1,1,1
47526986,0,0,4,0,52771858,5244872,1,1,0
46655489,1,0,0,1,1566875,48222364,1,2,1
48011590,0,3,11,1,93362143,45350553,1,2,0
43465562,0,5,14,1,68249258,24783696,1,2,1
55062878,1,5,22,1,42429721,97492599,1,2,1
8094765,1,1,21,1,92203768,100298533,0,0,1
13617741,0,1,11,1,38601664,24983923,1,1,0
7839719,1,2,13,0,42532306,50372025,0,2,0
1658889,1,0,16,1,94132703,95791592,1,0,0
1594032,1,0,13,0,85000056,86594088,0,2,0
54350975,0,2,9,1,11529121,-42821854,0,1,1
40893188,0,2,10,1,23169173,-17724015,0,2,0
39743110,0,2,14,1,25285148,-14457962,1,2,0
6902474,0,5,7,1,31104213,24201739,0,2,0
11515468,0,5,8,0,38411867,26896399,1,2,0
33457645,1,5,15,0,74297573,107755218,0,2,0
24571974,0,4,1,1,16778435,-7793539,1,1,0
8362158,1,5,21,0,60043844,68406002,0,1,1
49265328,1,5,12,0,67229576,116494904,1,2,0
35625305,0,2,21,0,99028632,63403327,0,1,1
28707084,1,0,0,0,26705267,55412351,0,2,0
22973361,1,5,9,0,56117120,79090481,1,1,0
58242934,0,5,10,0,24633072,-33609862,0,0,1
43918247,0,4,3,0,72632668,28714421,0,2,0
41409657,1,1,23,0,3808273,45217930,0,1,1
6699468,0,2,2,1,9186025,2486557,1,0,1
54131720,1,5,5,1,10375498,64507218,1,2,1
55195712,1,4,8,1,5423280,60618992,1,0,1
17129079,0,4,19,0,87234680,70105601,1,0,1
47785753,1,2,22,1,22067440,69853193,1,1,1
8180293,1,2,7,1,60595347,68775640,1,0,1
33660630,1,5,10,0,14833581,48494211,0,1,0
38554372,0,1,9,1,88594984,50040612,1,1,0
20328253,1,2,12,1,86187944,106516197,0,0,1
8550542,0,0,11,1,18044711,9494169,0,1,0
47952300,1,4,16,1,67087620,115039920,1,2,1
24200106,0,5,19,1,36809962,12609856,0,1,1
18424253,0,3,14,0,98758330,80334077,1,0,0
52311865,0,3,18,1,31982105,-20329760,0,2,1
9063098,0,2,11,0,22701264,13638166,0,0,0
3343149,1,4,7,0,32339618,35682767,0,0,0
